{
  "windows": {
    "network": "Z:\\",
    "local": "C:\\",
    "system": "Windows\\System32"
  },
  "linux": {
    "network": "/root/Z",
    "local": "/root"
  },
  "network_shares": {
    "altiris": {
      "ip_address": "10.96.5.191",
      "hostname": "fm6sapp706.fm.intel.com",
      "share": "map",
      "username": "altiris_test",
      "password": "sn1ckers?",
      "domain": "fm6sapp706",
      "pvt_service_ip": "dummy"
    },
    "gss_sata": {
      "ip_address": "10.132.15.26",
      "hostname": "fmsnsggss001.amr.corp.intel.com",
      "share": "map",
      "username": "altiris_test",
      "password": "sn1ckers?",
      "domain": "fmsnsggss001",
      "medusa_mlm_server":"ipv-medusa.intel.com",
      "pvt_service_ip": "dummy"
    },
    "gss_pcie": {
      "ip_address": "10.132.15.29",
      "hostname": "fmsnsggss002.amr.corp.intel.com",
      "share": "map",
      "username": "altiris_test",
      "password": "sn1ckers?",
      "domain": "fmsnsggss002",
      "medusa_mlm_server":"ipv-medusa.intel.com",
      "pvt_service_ip": "10.18.113.10;10.64.95.138"
    },
    "gdc_pcie": {
      "ip_address": "10.219.108.11",
      "hostname": "gdcsnsggss002.amr.corp.intel.com",
      "share": "map",
      "username": "altiris_test",
      "password": "sn1ckers?",
      "domain": "gdcsnsggss002.amr.corp.intel.com",
      "medusa_mlm_server":"zpnsnsgapp004.amr.corp.intel.com",
      "pvt_service_ip": "10.219.36.208"
    },
    "gdc_sata": {
      "ip_address": "10.219.112.11",
      "hostname": "gdcsnsggss001.amr.corp.intel.com",
      "share": "map",
      "username": "altiris_test",
      "password": "sn1ckers?",
      "domain": "gdcsnsggss001.amr.corp.intel.com",
      "medusa_mlm_server":"zpnsnsgapp004.amr.corp.intel.com",
      "pvt_service_ip": "dummy"
    },
    "hcl": {
      "ip_address": "10.242.170.20",
      "hostname": "bgshclfs001.gar.corp.intel.com",
      "share": "eevshare",
      "username": "eev_altiris",
      "password": "sn1ckers?",
      "domain": "bgshclfs001",
      "pvt_service_ip": "dummy"
    },
    "hcl_gdl": {
      "ip_address": "10.243.85.67",
      "hostname": "gdsnsggss002.amr.corp.intel.com",
      "share": "map",
      "username": "altiris_test",
      "password": "sn1ckers?",
      "domain": "gdsnsggss002",
      "medusa_mlm_server":"ipv-medusa.intel.com",
      "pvt_service_ip": "dummy"
    },
    "hcl_altiris": {
      "ip_address": "10.242.170.36",
      "hostname": "bgsnsggss001",
      "share": "map",
      "username": "altiris_test",
      "password": "sn1ckers?",
      "domain": "bgsnsggss001",
      "medusa_mlm_server":"bgshclmed001.gar.corp.intel.com",
      "pvt_service_ip": "dummy"
    },
    "default": {
      "ip_address": "10.219.108.11",
      "hostname": "gdcsnsggss002.amr.corp.intel.com",
      "share": "map",
      "username": "altiris_test",
      "password": "sn1ckers?",
      "domain": "gdcsnsggss002.amr.corp.intel.com",
      "medusa_mlm_server":"zpnsnsgapp004.amr.corp.intel.com",
      "pvt_service_ip": "10.219.36.208"
    }
  },
  "results_directory": "Results",
  "tools_directory": "TOOLS",
  "tools_directory_cvt": "TOOLS_CVT",
  "firmware_directory": "PCIe",
  "firmware_list_directory":"FW_CONFIG",
  "firmware_repository":"Firmware",
  "cvt_repo" :"nsg-pv-cvt"
}